Degree,Probability
2,0.15555555555555556
3,0.22962962962962963
4,0.15555555555555556
5,0.1037037037037037
6,0.05925925925925926
7,0.044444444444444446
8,0.037037037037037035
9,0.037037037037037035
10,0.014814814814814815
11,0.02962962962962963
12,0.022222222222222223
13,0.007407407407407408
14,0.007407407407407408
15,0.022222222222222223
16,0.007407407407407408
19,0.007407407407407408
20,0.037037037037037035
23,0.007407407407407408
24,0.007407407407407408
30,0.007407407407407408
