Degree,Probability
2,0.21794871794871795
3,0.1794871794871795
4,0.07692307692307693
5,0.16666666666666666
6,0.08974358974358974
7,0.05128205128205128
8,0.0641025641025641
9,0.038461538461538464
10,0.02564102564102564
11,0.01282051282051282
12,0.01282051282051282
13,0.02564102564102564
14,0.01282051282051282
15,0.01282051282051282
18,0.01282051282051282
