Degree,Probability
2,0.18181818181818182
3,0.17045454545454544
4,0.1590909090909091
5,0.03409090909090909
6,0.07954545454545454
7,0.056818181818181816
8,0.07954545454545454
9,0.045454545454545456
10,0.045454545454545456
11,0.011363636363636364
12,0.011363636363636364
13,0.011363636363636364
14,0.022727272727272728
15,0.03409090909090909
17,0.011363636363636364
18,0.011363636363636364
21,0.022727272727272728
23,0.011363636363636364
