Degree,Probability
2,0.19011406844106463
3,0.22813688212927757
4,0.12927756653992395
5,0.09885931558935361
6,0.07604562737642585
7,0.07224334600760456
8,0.045627376425855515
9,0.045627376425855515
10,0.019011406844106463
11,0.022813688212927757
12,0.011406844106463879
13,0.015209125475285171
14,0.0038022813688212928
15,0.011406844106463879
16,0.0038022813688212928
19,0.0076045627376425855
20,0.011406844106463879
23,0.0038022813688212928
27,0.0038022813688212928
