Degree,Probability
2,0.19680851063829788
3,0.19148936170212766
4,0.12234042553191489
5,0.1276595744680851
6,0.09042553191489362
7,0.0425531914893617
8,0.047872340425531915
9,0.05851063829787234
10,0.03723404255319149
11,0.015957446808510637
12,0.005319148936170213
14,0.005319148936170213
15,0.005319148936170213
17,0.015957446808510637
18,0.005319148936170213
19,0.005319148936170213
22,0.005319148936170213
24,0.015957446808510637
29,0.005319148936170213
