Degree,Probability
2,0.18681318681318682
3,0.21978021978021978
4,0.0989010989010989
5,0.15384615384615385
6,0.054945054945054944
7,0.03296703296703297
8,0.04395604395604396
9,0.03296703296703297
10,0.054945054945054944
11,0.01098901098901099
13,0.01098901098901099
14,0.03296703296703297
16,0.01098901098901099
17,0.01098901098901099
18,0.02197802197802198
21,0.01098901098901099
26,0.01098901098901099
