Degree,Probability
2,0.1566265060240964
3,0.10843373493975904
4,0.1566265060240964
5,0.14457831325301204
6,0.060240963855421686
7,0.04819277108433735
8,0.04819277108433735
9,0.04819277108433735
10,0.012048192771084338
12,0.012048192771084338
13,0.024096385542168676
14,0.04819277108433735
17,0.024096385542168676
18,0.012048192771084338
20,0.024096385542168676
22,0.012048192771084338
23,0.012048192771084338
24,0.012048192771084338
26,0.012048192771084338
28,0.024096385542168676
