Degree,Probability
2,0.1792452830188679
3,0.1792452830188679
4,0.16981132075471697
5,0.12264150943396226
6,0.03773584905660377
7,0.09433962264150944
8,0.04716981132075472
9,0.009433962264150943
10,0.03773584905660377
11,0.009433962264150943
12,0.02830188679245283
14,0.018867924528301886
15,0.018867924528301886
19,0.009433962264150943
20,0.009433962264150943
22,0.009433962264150943
23,0.009433962264150943
28,0.009433962264150943
