Degree,Probability
2,0.18243243243243243
3,0.20945945945945946
4,0.0945945945945946
5,0.12837837837837837
6,0.0945945945945946
7,0.05405405405405406
8,0.02027027027027027
9,0.02027027027027027
10,0.0472972972972973
11,0.013513513513513514
12,0.02702702702702703
13,0.02027027027027027
14,0.013513513513513514
15,0.02027027027027027
16,0.006756756756756757
20,0.013513513513513514
21,0.006756756756756757
22,0.006756756756756757
24,0.013513513513513514
34,0.006756756756756757
