Degree,Probability
2,0.19879518072289157
3,0.15060240963855423
4,0.15060240963855423
5,0.14457831325301204
6,0.08433734939759036
7,0.08433734939759036
8,0.04216867469879518
9,0.018072289156626505
10,0.03614457831325301
11,0.006024096385542169
12,0.018072289156626505
13,0.006024096385542169
14,0.006024096385542169
15,0.012048192771084338
16,0.018072289156626505
21,0.006024096385542169
22,0.012048192771084338
31,0.006024096385542169
