Degree,Log(Probability)
2,-1.583004655365945
3,-2.320603598496724
4,-1.6739764335716716
5,-2.639057329615259
6,-2.320603598496724
7,-2.639057329615259
8,-3.109060958860994
9,-3.619886582626985
10,-3.109060958860994
11,-4.02535169073515
12,-4.718498871295094
13,-4.02535169073515
14,-4.718498871295094
15,-4.718498871295094
17,-3.619886582626985
18,-4.718498871295094
19,-4.02535169073515
22,-4.718498871295094
25,-4.718498871295094
26,-4.718498871295094
29,-4.718498871295094
