Degree,Log(Probability)
2,-1.7001922757025645
3,-1.5389241281064423
4,-1.9550845253313547
5,-2.498699971920336
6,-2.4446327506500602
7,-2.61648300757672
8,-3.1918471524802814
9,-3.3096301881366648
10,-3.7796338173824005
11,-3.3096301881366648
12,-4.00277736869661
13,-4.290459441148391
14,-4.695924549256556
15,-5.389071729816501
18,-5.389071729816501
19,-5.389071729816501
21,-4.695924549256556
26,-5.389071729816501
27,-4.695924549256556
34,-5.389071729816501
