Degree,Log(Probability)
2,0.19834710743801653
3,0.19834710743801653
4,0.13636363636363635
5,0.05371900826446281
6,0.09504132231404959
7,0.06198347107438017
8,0.049586776859504134
9,0.028925619834710745
10,0.05371900826446281
12,0.01652892561983471
13,0.01652892561983471
14,0.012396694214876033
15,0.004132231404958678
16,0.004132231404958678
17,0.004132231404958678
18,0.024793388429752067
19,0.004132231404958678
20,0.012396694214876033
22,0.004132231404958678
24,0.004132231404958678
32,0.004132231404958678
36,0.004132231404958678
42,0.004132231404958678
54,0.004132231404958678
