,intercept,slope,sum_of_square_of_fit_errors,sum_of_square_of_all_errors,start_point,points_from_start_point
OGLE-TR-1021,5.681632771649309,-4.273192042098984,0.6036750800176394,32.56660431248975,5,5
OGLE-TR-1051,2.8261788171348323,-2.8697241973287433,2.536958941820276,10.909875162018274,2,33
OGLE-TR-1053,0.8924188711403667,-1.9891812293990183,0.4850146104620884,1.9822444221525024,1,12
OGLE-TR-1054,-0.0768595722880101,-1.3990217308273707,0.1486566413782374,0.5663574993640415,1,8
OGLE-TR-1055,1.3107490137017055,-2.2257918184499372,0.9228178136424808,3.090432839132218,1,17
OGLE-TR-1056,0.11083599098993185,-1.503605534289945,0.2035099996333079,0.8036439758349415,1,9
