,intercept,slope,sum_of_square_of_fit_errors,sum_of_square_of_all_errors,start_point,points_from_start_point
OGLE-TR-1021,1.5455832668052356,-2.2562654206534956,0.0303505283147549,3.7428909497181913,3,10
OGLE-TR-1051,2.7705495271437317,-2.897591436731697,7.368692371123666,13.833302854750366,1,40
OGLE-TR-1053,2.3865502585208613,-2.742678337145255,4.023134927157278,8.89498778171142,1,34
OGLE-TR-1054,1.476061229890399,-2.3085508263269725,1.4832518395109382,3.887667786177103,1,20
OGLE-TR-1055,1.5312168672342708,-2.3316703486682955,1.0493328059796092,3.905757791774616,1,23
OGLE-TR-1056,1.2263788707008347,-2.173902556774931,0.8209677036556305,2.805915602149648,1,17
OGLE-TR-1057,2.6612909244016323,-2.7738643132405967,1.3718058595924982,9.079318949708142,3,20
