Degree,Probability
2,0.15083798882681565
3,0.17318435754189945
4,0.18994413407821228
5,0.12849162011173185
6,0.0893854748603352
7,0.05027932960893855
8,0.03910614525139665
9,0.0335195530726257
10,0.01675977653631285
11,0.0223463687150838
12,0.01675977653631285
13,0.0111731843575419
14,0.00558659217877095
15,0.01675977653631285
17,0.00558659217877095
19,0.0111731843575419
20,0.0111731843575419
22,0.00558659217877095
23,0.00558659217877095
24,0.0111731843575419
32,0.00558659217877095
