Degree,Probability
2,0.1678832116788321
3,0.145985401459854
4,0.18248175182481752
5,0.12408759124087591
6,0.08029197080291971
7,0.0948905109489051
8,0.051094890510948905
9,0.0364963503649635
10,0.0072992700729927005
11,0.014598540145985401
12,0.0072992700729927005
13,0.0072992700729927005
14,0.0072992700729927005
15,0.014598540145985401
16,0.021897810218978103
17,0.014598540145985401
18,0.0072992700729927005
25,0.0072992700729927005
29,0.0072992700729927005
