Degree,Probability
2,0.19444444444444445
3,0.23148148148148148
4,0.09259259259259259
5,0.1111111111111111
6,0.07407407407407407
7,0.046296296296296294
8,0.046296296296296294
9,0.037037037037037035
10,0.018518518518518517
11,0.027777777777777776
12,0.009259259259259259
13,0.009259259259259259
14,0.009259259259259259
15,0.027777777777777776
17,0.009259259259259259
18,0.009259259259259259
20,0.018518518518518517
21,0.018518518518518517
26,0.009259259259259259
