Degree,Probability
2,0.1956521739130435
3,0.18478260869565216
4,0.16304347826086957
5,0.09782608695652174
6,0.07608695652173914
7,0.06521739130434782
8,0.03260869565217391
9,0.021739130434782608
10,0.05434782608695652
11,0.043478260869565216
13,0.021739130434782608
15,0.021739130434782608
16,0.010869565217391304
24,0.010869565217391304
